[
  {
    "id": "XWaQXcbk0",
    "title": "JavaScript essentials",
    "body": "Get comfortable with all basic JavaScript concepts: variables, loops, arrays, branching, objects, functions, scopes, prototypes etc",
    "priority": 2
  },
  {
    "id": "pkXzyRp1P",
    "title": "Refresh HTML and CSS",
    "body": "Need to refresh HTML and CSS concepts, after learning some JavaScript. Maybe get to know CSS Grid and PostCSS, they seem to be trending.",
    "priority": 1
  },
  {
    "id": "QMom9q4Ku",
    "title": "Get comfy with Frontend frameworks",
    "body": "First must get some general knowledge about frameworks, then maybe try each one for a week or so. Need to choose between React, Vue and Angular, by reading articles and watching videos.",
    "priority": 1
  },
  {
    "id": "k2k0UrjZG",
    "title": "Winter clothes",
    "body": "Winter is coming! Need some really warm clothes: shoes, sweater, hat, jacket, scarf etc. Maybe should get a set of sportwear as well so I'll be able to do some excercises in the park.",
    "priority": 0
  }
]
